TypeName_Account,Total_Loans,Default_Rate
Business,83,0.10843373493975904
Checking,74,0.04054054054054054
Payroll,51,0.09803921568627451
Savings,66,0.18181818181818182
Youth,74,0.10810810810810811
