AccountTypeID,Balance
1,48312.052788266345
2,50720.22849599525
3,49793.58290755262
4,48104.913562790694
5,48008.26751571728
