LoanStatusName,Total_Deposits,Total_Tx_Count,Total_Withdrawals
Active,25668.4214229249,32.794466403162055,24177.1714229249
Overdue,22217.422702702705,33.054054054054056,23704.480540540542
Paid Off,26703.930862068966,33.62068965517241,25051.646206896552
