LoanStatusName,Balance,Loan_to_Balance_Ratio,PrincipalAmount
Active,49517.15699604743,3.23426353464352,51963.71818181818
Overdue,44169.633783783785,3.373626332694454,49163.18081081081
Paid Off,51117.03913793103,2.14486398113774,52878.385517241375
